sku,date_added,category
SKU-08394,2019-12-24T01:49:06,widgets
SKU-62967,1970-01-01T00:00:00,gizmos
SKU-42239,1970-01-01T00:00:00,gizmos
SKU-05049,2018-10-28T21:21:18,widgets
SKU-54315,2019-11-27T14:54:19,widgets
SKU-74871,1970-01-01T00:00:00,widgets
SKU-72285,1970-01-01T00:00:00,gizmos
SKU-24340,1970-01-01T00:00:00,gizmos
SKU-45581,2019-01-08T20:56:31,widgets
SKU-18025,2019-01-22T10:51:35,widgets
SKU-76512,2019-01-08T02:08:36,widgets
SKU-94321,1970-01-01T00:00:00,gizmos
SKU-30516,1970-01-01T00:00:00,gizmos
SKU-51159,1970-01-01T00:00:00,gizmos
SKU-48621,2020-03-11T05:45:49,gizmos
SKU-10786,2019-06-26T11:23:04,gizmos
SKU-95569,1970-01-01T00:00:00,gizmos
SKU-79286,2020-06-23T20:40:46,widgets
SKU-04364,2020-03-01T03:37:41,widgets
SKU-25119,1970-01-01T00:00:00,gizmos
SKU-16014,1970-01-01T00:00:00,gizmos
SKU-20269,1970-01-01T00:00:00,widgets
SKU-30680,1970-01-01T00:00:00,gizmos
SKU-93942,2019-11-15T22:18:43,gizmos
SKU-38465,2019-05-06T19:29:43,gizmos
SKU-50238,2019-07-20T19:34:03,widgets
SKU-41721,1970-01-01T00:00:00,gizmos
SKU-49180,1970-01-01T00:00:00,gizmos
SKU-47992,2018-12-29T10:19:09,widgets
SKU-22595,1970-01-01T00:00:00,gizmos
SKU-95255,1970-01-01T00:00:00,widgets
SKU-42853,1970-01-01T00:00:00,widgets
SKU-90513,2018-12-11T01:44:59,widgets
SKU-97498,1970-01-01T00:00:00,widgets
SKU-87795,2019-08-28T05:55:07,widgets
SKU-46977,1970-01-01T00:00:00,widgets
SKU-54430,1970-01-01T00:00:00,gizmos
SKU-23440,1970-01-01T00:00:00,widgets
SKU-17290,2019-11-03T00:14:55,gizmos
SKU-28379,1970-01-01T00:00:00,gizmos
SKU-09652,1970-01-01T00:00:00,gizmos
SKU-97656,1970-01-01T00:00:00,gizmos
SKU-60536,1970-01-01T00:00:00,widgets
SKU-55975,1970-01-01T00:00:00,gizmos
SKU-78140,2019-08-24T18:07:20,widgets
SKU-64901,2020-05-04T02:26:20,gizmos
SKU-26463,1970-01-01T00:00:00,widgets
SKU-15315,2019-12-15T13:26:47,widgets
SKU-52194,2020-06-24T11:12:23,gizmos
SKU-94970,2019-10-29T13:47:13,gizmos
SKU-17305,2018-11-23T04:16:37,gizmos
SKU-28149,2020-02-04T23:56:45,widgets
SKU-59650,1970-01-01T00:00:00,gizmos
SKU-69587,2020-06-07T11:18:18,gizmos
SKU-63252,2020-03-02T15:43:31,gizmos
SKU-17179,1970-01-01T00:00:00,gizmos
SKU-04299,2019-04-15T08:18:49,gizmos
SKU-38960,2020-03-03T00:02:59,widgets
SKU-43491,2019-05-29T20:10:30,widgets
SKU-34761,1970-01-01T00:00:00,gizmos
SKU-56123,1970-01-01T00:00:00,gizmos
SKU-41939,2020-06-25T11:19:44,gizmos
SKU-88766,2019-08-31T01:45:19,gizmos
SKU-92552,2019-09-24T17:13:52,widgets
SKU-48491,1970-01-01T00:00:00,widgets
SKU-34932,2020-03-10T14:31:42,widgets
SKU-92538,2019-08-02T06:00:45,gizmos
SKU-78957,1970-01-01T00:00:00,gizmos
SKU-94252,1970-01-01T00:00:00,gizmos
SKU-08339,2019-01-28T21:29:39,gizmos
SKU-67739,2020-05-04T23:12:47,gizmos
SKU-98070,1970-01-01T00:00:00,widgets
SKU-27335,2019-01-29T12:14:32,widgets
SKU-91947,2020-04-16T18:43:22,gizmos
SKU-80251,2020-01-23T15:32:42,widgets
SKU-86201,2020-05-04T08:24:22,gizmos
SKU-12987,1970-01-01T00:00:00,gizmos
SKU-63654,1970-01-01T00:00:00,gizmos
SKU-04979,1970-01-01T00:00:00,gizmos
SKU-21356,2019-07-20T22:02:34,widgets
SKU-59498,2019-07-03T20:31:58,widgets
SKU-25381,1970-01-01T00:00:00,gizmos
SKU-02882,2019-08-10T23:18:35,gizmos
SKU-04715,2019-04-05T17:03:25,widgets
SKU-45367,2019-11-04T03:05:02,widgets
SKU-99105,1970-01-01T00:00:00,widgets
SKU-85204,1970-01-01T00:00:00,gizmos
SKU-46375,2019-06-24T01:08:24,gizmos
SKU-03710,1970-01-01T00:00:00,widgets
SKU-15669,2019-03-19T21:08:56,gizmos
SKU-05160,2020-04-18T09:29:41,gizmos
SKU-81706,1970-01-01T00:00:00,gizmos
SKU-68533,1970-01-01T00:00:00,widgets
SKU-07719,2020-06-07T01:23:42,gizmos
SKU-68396,1970-01-01T00:00:00,gizmos
SKU-75333,2019-05-06T01:26:38,widgets
SKU-15416,1970-01-01T00:00:00,widgets
SKU-92976,2018-10-30T08:18:15,widgets
SKU-97470,1970-01-01T00:00:00,widgets
SKU-16381,2019-03-26T06:05:36,widgets
SKU-29543,2020-04-16T00:43:09,widgets
SKU-79920,1970-01-01T00:00:00,gizmos
SKU-50117,2019-08-29T13:33:33,widgets
SKU-23647,1970-01-01T00:00:00,gizmos
SKU-56993,1970-01-01T00:00:00,widgets
SKU-64125,1970-01-01T00:00:00,widgets
SKU-10089,2020-03-14T20:14:21,widgets
SKU-38613,1970-01-01T00:00:00,gizmos
SKU-74474,1970-01-01T00:00:00,gizmos
SKU-52523,2019-02-10T08:14:08,gizmos
SKU-25405,1970-01-01T00:00:00,widgets
SKU-66045,1970-01-01T00:00:00,widgets
SKU-17851,1970-01-01T00:00:00,gizmos
SKU-34686,1970-01-01T00:00:00,widgets
SKU-81349,1970-01-01T00:00:00,gizmos
SKU-86963,2020-06-30T18:10:15,widgets
SKU-76558,2019-12-18T07:02:38,widgets
SKU-37411,2019-09-30T09:09:36,widgets
SKU-72883,1970-01-01T00:00:00,widgets
SKU-99475,2019-12-21T23:05:04,widgets
SKU-13306,2019-06-15T04:39:09,widgets
SKU-38645,2019-09-22T23:44:18,widgets
SKU-60138,2019-01-31T09:41:52,widgets
SKU-48200,2019-05-31T02:03:02,gizmos
SKU-46873,2019-10-16T11:51:28,gizmos
SKU-26690,2019-12-23T18:29:30,gizmos
SKU-09363,2020-03-16T16:49:49,widgets
SKU-23267,2019-08-13T06:33:56,widgets
SKU-01284,2019-10-17T06:28:30,widgets
SKU-14080,2020-01-29T07:03:31,widgets
SKU-92313,1970-01-01T00:00:00,gizmos
SKU-38678,2019-07-14T09:43:16,gizmos
SKU-03816,1970-01-01T00:00:00,gizmos
SKU-62646,1970-01-01T00:00:00,gizmos
SKU-13976,2019-07-09T21:02:37,gizmos
SKU-94504,1970-01-01T00:00:00,widgets
SKU-80727,1970-01-01T00:00:00,widgets
SKU-95488,1970-01-01T00:00:00,gizmos
SKU-95993,1970-01-01T00:00:00,widgets
SKU-45261,1970-01-01T00:00:00,gizmos
SKU-82871,1970-01-01T00:00:00,widgets
SKU-31479,2019-11-26T15:33:18,gizmos
SKU-69626,2020-03-31T20:57:37,widgets
SKU-68621,1970-01-01T00:00:00,gizmos
SKU-38642,2019-05-13T03:47:59,widgets
SKU-64508,2019-07-27T01:30:42,widgets
SKU-58137,2019-03-20T07:19:02,widgets
SKU-66089,1970-01-01T00:00:00,gizmos
SKU-11351,2019-02-11T06:24:20,gizmos
SKU-51582,1970-01-01T00:00:00,gizmos
SKU-89666,1970-01-01T00:00:00,gizmos
SKU-26127,2019-09-21T21:34:39,widgets
SKU-41448,2019-01-02T15:13:37,widgets
SKU-26108,2019-12-24T17:14:08,gizmos
SKU-66553,1970-01-01T00:00:00,widgets
SKU-31006,2020-06-27T01:36:05,gizmos
SKU-09688,2019-05-05T19:47:27,widgets
SKU-28559,1970-01-01T00:00:00,widgets
SKU-96559,2020-05-21T07:23:34,gizmos
SKU-74183,2020-01-17T20:34:49,gizmos
SKU-65616,1970-01-01T00:00:00,widgets
SKU-99665,2019-02-21T20:10:07,gizmos
SKU-98975,1970-01-01T00:00:00,widgets
SKU-40374,1970-01-01T00:00:00,gizmos
SKU-89522,1970-01-01T00:00:00,widgets
SKU-34674,1970-01-01T00:00:00,gizmos
SKU-03150,1970-01-01T00:00:00,widgets
SKU-89789,2020-05-03T11:33:52,gizmos
SKU-71670,2018-11-29T01:40:55,widgets
SKU-63943,1970-01-01T00:00:00,gizmos
SKU-52683,2020-02-16T01:24:12,gizmos
SKU-82189,2020-04-10T19:21:36,widgets
SKU-05923,1970-01-01T00:00:00,gizmos
SKU-66958,2020-02-09T13:53:59,widgets
SKU-36354,2020-02-26T09:47:08,widgets
SKU-50087,1970-01-01T00:00:00,widgets
SKU-69268,2020-02-05T12:33:29,gizmos
SKU-77221,2018-11-18T07:24:20,widgets
SKU-04344,1970-01-01T00:00:00,widgets
SKU-99011,2019-11-10T06:36:04,gizmos
SKU-68152,1970-01-01T00:00:00,widgets
SKU-40044,2020-05-07T21:07:54,widgets
SKU-63822,2019-10-22T21:15:35,gizmos
SKU-95315,2020-06-14T01:58:06,widgets
SKU-44842,1970-01-01T00:00:00,widgets
SKU-30687,1970-01-01T00:00:00,gizmos
SKU-61395,1970-01-01T00:00:00,widgets
SKU-91215,1970-01-01T00:00:00,gizmos
SKU-08369,2019-02-18T17:03:20,widgets
SKU-67116,2019-05-06T09:08:41,widgets
SKU-48239,2020-03-03T02:27:28,gizmos
SKU-49107,1970-01-01T00:00:00,gizmos
SKU-26182,2020-02-21T08:00:39,widgets
SKU-45270,1970-01-01T00:00:00,widgets
SKU-81183,2020-04-10T07:28:46,widgets
SKU-83094,1970-01-01T00:00:00,widgets
SKU-04477,2020-04-12T00:02:54,widgets
SKU-25758,1970-01-01T00:00:00,widgets
SKU-84692,1970-01-01T00:00:00,widgets
SKU-57764,1970-01-01T00:00:00,widgets
SKU-04951,2018-11-26T17:21:15,gizmos
SKU-51267,2020-03-14T20:24:29,widgets
SKU-18525,2019-12-24T22:11:04,widgets
SKU-58732,1970-01-01T00:00:00,widgets
SKU-52707,1970-01-01T00:00:00,gizmos
SKU-79983,2020-01-22T22:44:34,widgets
SKU-63343,2019-12-05T07:44:31,widgets
SKU-52213,1970-01-01T00:00:00,widgets
SKU-43348,2020-01-22T18:14:19,gizmos
SKU-68482,2019-02-18T23:08:49,gizmos
SKU-57895,2019-12-11T20:18:49,gizmos
SKU-53977,2019-09-20T05:44:47,widgets
SKU-80307,2020-01-15T00:31:58,widgets
SKU-06755,1970-01-01T00:00:00,widgets
SKU-10821,2020-01-16T11:06:43,widgets
SKU-87943,1970-01-01T00:00:00,gizmos
SKU-35117,1970-01-01T00:00:00,widgets
SKU-60835,2019-01-12T19:00:50,gizmos
SKU-82265,1970-01-01T00:00:00,gizmos
SKU-68505,1970-01-01T00:00:00,widgets
SKU-84122,1970-01-01T00:00:00,gizmos
SKU-93316,2019-04-06T17:43:26,gizmos
SKU-21118,2019-02-04T19:32:42,gizmos
SKU-57049,2019-09-04T04:54:50,gizmos
SKU-70339,1970-01-01T00:00:00,widgets
SKU-87623,1970-01-01T00:00:00,widgets
SKU-10483,2019-01-02T22:42:11,gizmos
SKU-26190,2019-10-17T17:18:38,gizmos
SKU-63432,2019-06-16T12:27:56,gizmos
SKU-92761,1970-01-01T00:00:00,widgets
SKU-63027,2018-11-12T03:03:23,widgets
SKU-69452,1970-01-01T00:00:00,widgets
SKU-87383,1970-01-01T00:00:00,gizmos
SKU-15788,1970-01-01T00:00:00,widgets
SKU-33959,1970-01-01T00:00:00,widgets
SKU-37410,2019-05-06T12:58:44,gizmos
SKU-05494,1970-01-01T00:00:00,gizmos
SKU-25292,1970-01-01T00:00:00,gizmos
SKU-28922,1970-01-01T00:00:00,gizmos
SKU-19363,2019-02-07T15:46:17,gizmos
SKU-59784,2018-11-10T19:25:37,widgets
SKU-43145,1970-01-01T00:00:00,widgets
SKU-36832,2019-03-08T15:55:44,widgets
SKU-63962,2019-04-08T01:09:28,gizmos
SKU-57726,1970-01-01T00:00:00,gizmos
SKU-84819,2019-02-13T23:35:15,gizmos
SKU-78218,2019-05-19T20:49:48,gizmos
SKU-43913,2019-03-30T18:02:00,gizmos
SKU-54818,1970-01-01T00:00:00,gizmos
SKU-17152,1970-01-01T00:00:00,gizmos
SKU-70976,2019-09-25T20:26:24,widgets
SKU-50152,1970-01-01T00:00:00,widgets
SKU-93535,1970-01-01T00:00:00,gizmos
SKU-17815,2019-04-14T08:38:44,gizmos
SKU-14718,1970-01-01T00:00:00,gizmos
SKU-78358,1970-01-01T00:00:00,widgets
SKU-99773,2020-03-13T00:33:16,gizmos
SKU-59315,2020-01-22T15:02:48,gizmos
SKU-95980,1970-01-01T00:00:00,widgets
SKU-49507,2019-12-14T09:46:20,widgets
SKU-36995,2019-05-27T20:57:57,widgets
SKU-69325,1970-01-01T00:00:00,widgets
SKU-53953,1970-01-01T00:00:00,gizmos
SKU-28738,1970-01-01T00:00:00,widgets
SKU-17599,1970-01-01T00:00:00,widgets
SKU-32405,2019-01-28T11:02:09,widgets
SKU-99695,1970-01-01T00:00:00,gizmos
SKU-52459,1970-01-01T00:00:00,widgets
SKU-24534,2019-09-03T11:22:28,gizmos
SKU-00564,1970-01-01T00:00:00,gizmos
SKU-15733,2018-11-28T10:43:03,widgets
SKU-74913,1970-01-01T00:00:00,widgets
SKU-19225,1970-01-01T00:00:00,widgets
SKU-78235,1970-01-01T00:00:00,widgets
SKU-04316,1970-01-01T00:00:00,gizmos
SKU-91977,2020-06-12T18:21:52,widgets
SKU-35605,1970-01-01T00:00:00,gizmos
SKU-38827,2019-03-20T05:44:11,widgets
SKU-21154,2020-04-02T05:02:33,gizmos
SKU-16443,2019-12-28T15:58:36,widgets
SKU-82443,2019-03-20T01:33:21,gizmos
SKU-77816,1970-01-01T00:00:00,widgets
SKU-21362,2019-01-06T15:43:54,gizmos
SKU-92739,2020-02-08T21:43:38,gizmos
SKU-30691,1970-01-01T00:00:00,widgets
SKU-69724,1970-01-01T00:00:00,widgets
SKU-16140,1970-01-01T00:00:00,gizmos
SKU-17439,2019-10-16T17:02:56,gizmos
SKU-76240,1970-01-01T00:00:00,widgets
SKU-88880,2019-06-16T15:28:30,gizmos
SKU-76952,2019-06-14T19:19:48,gizmos
SKU-82746,2019-03-15T20:20:52,widgets
SKU-54210,2019-02-16T23:21:28,gizmos
SKU-52314,1970-01-01T00:00:00,widgets
SKU-07862,1970-01-01T00:00:00,widgets
SKU-68562,2018-11-09T00:11:53,widgets
SKU-51150,1970-01-01T00:00:00,gizmos
SKU-42234,1970-01-01T00:00:00,gizmos
SKU-01177,1970-01-01T00:00:00,gizmos
SKU-39079,1970-01-01T00:00:00,gizmos
SKU-45559,1970-01-01T00:00:00,widgets
SKU-61861,1970-01-01T00:00:00,gizmos
SKU-78207,2020-01-14T14:34:35,widgets
SKU-09417,1970-01-01T00:00:00,gizmos
SKU-30663,1970-01-01T00:00:00,widgets
SKU-83634,2019-06-12T08:32:04,widgets
SKU-72300,1970-01-01T00:00:00,gizmos
SKU-30292,1970-01-01T00:00:00,widgets
SKU-25202,1970-01-01T00:00:00,widgets
SKU-11234,2018-12-29T02:52:16,widgets
SKU-99597,2020-05-01T08:09:25,widgets
SKU-85580,2019-03-13T16:04:34,gizmos
SKU-01894,2019-10-12T02:52:02,gizmos
SKU-42704,1970-01-01T00:00:00,gizmos
SKU-95517,2019-03-05T12:36:35,widgets
SKU-93557,2018-10-19T07:18:22,widgets
SKU-32043,2019-12-21T17:50:59,widgets
SKU-30614,2019-08-18T20:28:48,gizmos
SKU-07615,1970-01-01T00:00:00,widgets
SKU-22088,1970-01-01T00:00:00,widgets
SKU-72899,2020-05-02T13:15:05,gizmos
SKU-80903,1970-01-01T00:00:00,widgets
SKU-66414,1970-01-01T00:00:00,widgets
SKU-69617,2019-06-28T12:30:57,gizmos
SKU-18246,1970-01-01T00:00:00,gizmos
SKU-84543,1970-01-01T00:00:00,gizmos
SKU-04542,2019-12-08T17:34:00,gizmos
SKU-86003,1970-01-01T00:00:00,widgets
SKU-58496,2019-01-17T19:07:52,widgets
SKU-92528,1970-01-01T00:00:00,widgets
SKU-42653,2019-12-17T05:35:26,widgets
SKU-01017,1970-01-01T00:00:00,widgets
SKU-38324,2019-11-27T00:06:48,widgets
SKU-80266,1970-01-01T00:00:00,gizmos
SKU-85197,1970-01-01T00:00:00,gizmos
SKU-17578,1970-01-01T00:00:00,widgets
SKU-81305,1970-01-01T00:00:00,gizmos
SKU-42065,1970-01-01T00:00:00,gizmos
SKU-44363,2019-11-17T14:58:54,gizmos
SKU-51476,1970-01-01T00:00:00,widgets
SKU-67932,1970-01-01T00:00:00,gizmos
SKU-08004,1970-01-01T00:00:00,widgets
SKU-45573,1970-01-01T00:00:00,gizmos
SKU-51681,2019-12-08T18:18:30,widgets
SKU-31727,2019-12-16T22:40:56,gizmos
SKU-61045,2020-02-16T15:55:39,widgets
SKU-85621,1970-01-01T00:00:00,widgets
SKU-69123,2019-09-27T16:13:49,gizmos
SKU-96136,1970-01-01T00:00:00,widgets
SKU-47232,2020-06-16T20:32:37,gizmos
SKU-23226,2019-02-08T10:48:16,gizmos
SKU-22073,2020-01-30T07:53:45,widgets
SKU-71261,1970-01-01T00:00:00,widgets
SKU-84162,1970-01-01T00:00:00,widgets
SKU-77940,1970-01-01T00:00:00,widgets
SKU-60989,2019-06-27T07:57:04,widgets
SKU-01587,1970-01-01T00:00:00,widgets
SKU-73620,2020-04-12T07:55:03,gizmos
SKU-90855,2019-05-17T15:24:39,widgets
SKU-58352,2019-08-16T14:54:34,gizmos
SKU-11500,1970-01-01T00:00:00,gizmos
SKU-53809,1970-01-01T00:00:00,gizmos
SKU-35056,1970-01-01T00:00:00,widgets
SKU-12534,2019-08-24T15:08:42,widgets
SKU-68045,2019-05-16T19:10:48,gizmos
SKU-46303,1970-01-01T00:00:00,gizmos
SKU-27079,1970-01-01T00:00:00,widgets
SKU-36207,2020-05-26T09:59:36,widgets
SKU-99914,1970-01-01T00:00:00,widgets
SKU-84543,1970-01-01T00:00:00,gizmos
SKU-89635,1970-01-01T00:00:00,widgets
SKU-91257,1970-01-01T00:00:00,widgets
SKU-92492,2020-06-26T07:21:16,gizmos
SKU-67903,1970-01-01T00:00:00,gizmos
SKU-30142,2018-12-16T08:26:17,gizmos
SKU-65596,2018-10-27T14:20:18,gizmos
SKU-03248,1970-01-01T00:00:00,widgets
SKU-27496,2019-11-30T11:39:58,gizmos
SKU-72070,1970-01-01T00:00:00,widgets
SKU-23606,1970-01-01T00:00:00,widgets
SKU-92742,1970-01-01T00:00:00,gizmos
SKU-87692,2019-09-05T13:57:39,widgets
SKU-80365,2020-04-13T07:57:37,gizmos
SKU-75618,2020-06-20T11:08:46,widgets
SKU-25801,2020-03-24T22:06:57,gizmos
SKU-57115,1970-01-01T00:00:00,gizmos
SKU-29851,2018-10-28T21:06:26,widgets
SKU-69713,1970-01-01T00:00:00,gizmos
SKU-79195,2019-07-13T13:07:45,widgets
SKU-10543,1970-01-01T00:00:00,widgets
SKU-78593,2020-03-10T12:32:17,gizmos
SKU-36477,2019-08-30T09:18:42,gizmos
SKU-23654,1970-01-01T00:00:00,widgets
SKU-66941,1970-01-01T00:00:00,gizmos
SKU-31332,1970-01-01T00:00:00,widgets
SKU-46313,2019-05-13T23:26:22,gizmos
SKU-12359,2018-11-17T03:01:00,gizmos
SKU-76608,1970-01-01T00:00:00,widgets
SKU-45501,2019-05-25T15:25:39,gizmos
SKU-73506,2019-04-04T07:36:36,gizmos
SKU-22337,1970-01-01T00:00:00,gizmos
SKU-60570,1970-01-01T00:00:00,gizmos
SKU-88099,1970-01-01T00:00:00,widgets
SKU-15503,1970-01-01T00:00:00,widgets
SKU-53430,2019-01-23T21:26:45,gizmos
SKU-91768,1970-01-01T00:00:00,widgets
SKU-82150,2019-06-30T09:37:45,gizmos
SKU-11800,1970-01-01T00:00:00,gizmos
SKU-76748,2019-09-21T03:04:56,gizmos
SKU-64344,2020-05-17T09:31:23,widgets
SKU-59593,1970-01-01T00:00:00,gizmos
SKU-61463,1970-01-01T00:00:00,widgets
SKU-43627,2019-07-21T11:48:34,widgets
SKU-03981,1970-01-01T00:00:00,widgets
SKU-34410,1970-01-01T00:00:00,widgets
SKU-99973,2020-03-02T11:55:38,widgets
SKU-47145,1970-01-01T00:00:00,gizmos
SKU-62031,2019-01-14T06:59:46,gizmos
SKU-47043,2020-04-06T14:09:34,widgets
SKU-98372,2019-03-31T04:44:47,gizmos
SKU-54816,2019-02-26T15:54:27,gizmos
SKU-57154,2018-12-02T15:57:47,gizmos
SKU-01610,2020-06-28T13:13:20,widgets
SKU-78412,1970-01-01T00:00:00,widgets
SKU-63135,2019-09-14T19:34:41,gizmos
SKU-37452,2019-12-30T06:35:55,gizmos
SKU-95282,2020-06-14T20:42:43,widgets
SKU-06762,2019-01-23T04:16:25,gizmos
SKU-29948,1970-01-01T00:00:00,widgets
SKU-78023,2019-04-04T21:28:49,gizmos
SKU-19435,1970-01-01T00:00:00,widgets
SKU-63517,2020-01-09T07:24:30,gizmos
SKU-22902,2020-02-29T05:46:49,gizmos
SKU-66409,2020-01-22T11:12:41,widgets
SKU-85631,1970-01-01T00:00:00,widgets
SKU-71278,1970-01-01T00:00:00,gizmos
SKU-89097,1970-01-01T00:00:00,widgets
SKU-26437,1970-01-01T00:00:00,gizmos
SKU-21751,1970-01-01T00:00:00,gizmos
SKU-90903,2019-09-10T20:15:19,gizmos
SKU-59355,2019-01-31T15:55:42,gizmos
SKU-06707,1970-01-01T00:00:00,widgets
SKU-78500,2019-07-30T07:29:13,widgets
SKU-65351,1970-01-01T00:00:00,gizmos
SKU-60502,2020-01-26T17:51:00,widgets
SKU-31642,2019-09-27T04:30:32,gizmos
SKU-35516,1970-01-01T00:00:00,widgets
SKU-57136,2020-06-14T00:07:39,widgets
SKU-86313,1970-01-01T00:00:00,gizmos
SKU-04814,1970-01-01T00:00:00,gizmos
SKU-19257,1970-01-01T00:00:00,gizmos
SKU-17361,1970-01-01T00:00:00,widgets
SKU-44344,2020-04-14T08:44:43,gizmos
SKU-71538,1970-01-01T00:00:00,widgets
SKU-40186,1970-01-01T00:00:00,gizmos
SKU-16620,2020-03-31T09:00:33,gizmos
SKU-24652,1970-01-01T00:00:00,widgets
SKU-60660,2019-06-26T15:41:25,gizmos
SKU-26043,1970-01-01T00:00:00,widgets
SKU-74623,2019-02-10T13:28:10,gizmos
SKU-29990,1970-01-01T00:00:00,widgets
SKU-50745,1970-01-01T00:00:00,widgets
SKU-87365,1970-01-01T00:00:00,gizmos
SKU-34302,1970-01-01T00:00:00,gizmos
SKU-27528,2020-04-11T19:18:38,widgets
SKU-41342,2020-05-27T09:08:54,gizmos
SKU-70200,1970-01-01T00:00:00,widgets
SKU-42246,1970-01-01T00:00:00,gizmos
SKU-16085,1970-01-01T00:00:00,widgets
SKU-98147,1970-01-01T00:00:00,widgets
SKU-12849,2020-04-30T05:52:36,widgets
SKU-89084,1970-01-01T00:00:00,gizmos
SKU-33547,1970-01-01T00:00:00,widgets
SKU-72447,2019-10-13T13:46:45,gizmos
SKU-83827,2020-05-09T03:35:45,gizmos
SKU-92877,1970-01-01T00:00:00,gizmos
SKU-22243,1970-01-01T00:00:00,widgets
SKU-17222,2019-12-04T00:31:22,widgets
SKU-22013,2019-08-13T00:53:09,gizmos
SKU-59083,1970-01-01T00:00:00,widgets
SKU-25021,2019-12-19T17:41:46,gizmos
SKU-14948,2018-12-23T09:02:56,widgets
SKU-75850,2020-06-29T22:59:55,widgets
SKU-03193,1970-01-01T00:00:00,widgets
SKU-45540,2019-12-22T18:43:11,widgets
SKU-03724,1970-01-01T00:00:00,widgets
SKU-24698,1970-01-01T00:00:00,gizmos
SKU-39307,1970-01-01T00:00:00,gizmos
SKU-31143,1970-01-01T00:00:00,gizmos
SKU-93057,2019-11-03T16:54:50,widgets
SKU-23781,1970-01-01T00:00:00,widgets
SKU-54501,2020-03-04T00:06:14,widgets
SKU-33965,2020-05-16T06:24:18,gizmos
SKU-28991,1970-01-01T00:00:00,gizmos
SKU-42799,2020-05-27T18:08:38,widgets
SKU-39305,2019-10-12T06:18:46,gizmos
SKU-40263,1970-01-01T00:00:00,widgets
SKU-11686,2019-05-20T01:41:24,gizmos
SKU-31619,2020-03-20T01:19:57,widgets
SKU-02704,1970-01-01T00:00:00,gizmos
SKU-56506,2019-09-13T09:57:40,widgets
SKU-60491,2020-06-21T19:19:45,widgets
SKU-99245,2020-03-12T01:08:07,gizmos
SKU-57404,1970-01-01T00:00:00,gizmos
SKU-68175,2020-03-04T00:11:27,gizmos
SKU-72978,1970-01-01T00:00:00,gizmos
SKU-46864,1970-01-01T00:00:00,widgets
SKU-02701,1970-01-01T00:00:00,widgets
SKU-78494,2019-05-06T02:53:17,widgets
SKU-39962,2019-09-29T23:38:45,gizmos
SKU-47359,2020-06-25T04:29:55,gizmos
SKU-32946,1970-01-01T00:00:00,widgets
SKU-20158,2020-02-22T18:47:20,gizmos
SKU-54430,2019-11-24T03:28:44,gizmos
SKU-80515,2019-11-28T04:01:13,widgets
SKU-36194,1970-01-01T00:00:00,gizmos
SKU-73566,2019-03-25T22:50:51,gizmos
SKU-55388,2019-03-03T12:44:17,widgets
SKU-62498,2019-03-13T15:11:03,widgets
SKU-91295,2019-12-17T09:32:43,gizmos
SKU-82888,2018-12-09T04:33:28,widgets
SKU-78526,2019-10-13T20:38:53,gizmos
SKU-57401,2019-09-08T05:03:18,gizmos
SKU-13627,1970-01-01T00:00:00,gizmos
SKU-94393,1970-01-01T00:00:00,widgets
SKU-74596,1970-01-01T00:00:00,gizmos
SKU-65486,1970-01-01T00:00:00,gizmos
SKU-43688,1970-01-01T00:00:00,gizmos
SKU-07909,2019-07-09T14:57:33,widgets
SKU-33616,1970-01-01T00:00:00,widgets
SKU-30912,1970-01-01T00:00:00,gizmos
SKU-82455,2019-04-28T16:37:07,widgets
SKU-40406,2019-05-29T03:45:09,gizmos
SKU-93658,2019-03-26T01:57:28,widgets
SKU-29859,2019-09-27T20:19:21,gizmos
SKU-55508,1970-01-01T00:00:00,gizmos
SKU-37138,1970-01-01T00:00:00,gizmos
SKU-83079,2019-09-15T14:39:23,widgets
SKU-60658,1970-01-01T00:00:00,widgets
SKU-09274,2019-10-13T23:21:41,gizmos
SKU-32946,1970-01-01T00:00:00,gizmos
SKU-90366,2018-12-21T22:50:09,gizmos
SKU-57331,1970-01-01T00:00:00,gizmos
SKU-07644,1970-01-01T00:00:00,widgets
SKU-09052,1970-01-01T00:00:00,widgets
SKU-76326,2019-04-15T07:36:12,widgets
SKU-53439,1970-01-01T00:00:00,gizmos
SKU-02869,1970-01-01T00:00:00,gizmos
SKU-75284,2019-02-22T16:34:12,widgets
SKU-73085,1970-01-01T00:00:00,gizmos
SKU-09949,2020-02-19T20:05:09,widgets
SKU-95131,2018-12-16T03:32:42,widgets
SKU-01713,1970-01-01T00:00:00,gizmos
SKU-60109,2020-03-08T16:17:08,gizmos
SKU-42271,2019-03-09T08:15:43,gizmos
SKU-55797,2018-12-01T01:19:00,gizmos
SKU-21449,1970-01-01T00:00:00,gizmos
SKU-83121,2019-12-06T03:33:59,widgets
SKU-05578,2018-11-05T00:13:03,gizmos
SKU-44309,1970-01-01T00:00:00,widgets
SKU-48896,1970-01-01T00:00:00,gizmos
SKU-39059,1970-01-01T00:00:00,widgets
SKU-97749,2020-03-15T10:07:47,gizmos
SKU-26171,2019-05-19T07:55:41,widgets
SKU-53411,2020-01-27T06:53:21,gizmos
SKU-32039,2019-01-12T04:39:43,widgets
SKU-46728,2019-09-23T23:29:31,widgets
SKU-06512,1970-01-01T00:00:00,widgets
SKU-50463,1970-01-01T00:00:00,gizmos
SKU-89827,2019-01-18T13:56:28,widgets
SKU-70487,2019-04-30T21:04:05,gizmos
SKU-39163,2020-02-22T14:05:30,gizmos
SKU-33956,2019-01-20T10:17:40,gizmos
SKU-45030,2019-05-24T18:49:46,gizmos
SKU-24715,2019-07-12T12:59:50,gizmos
SKU-22153,1970-01-01T00:00:00,gizmos
SKU-05184,2019-05-09T20:38:25,gizmos
SKU-19743,1970-01-01T00:00:00,gizmos
SKU-76610,2020-01-28T15:40:36,gizmos
SKU-64592,1970-01-01T00:00:00,gizmos
SKU-69718,1970-01-01T00:00:00,widgets
SKU-71473,1970-01-01T00:00:00,gizmos
SKU-34431,1970-01-01T00:00:00,widgets
SKU-43916,1970-01-01T00:00:00,gizmos
SKU-84922,2019-11-19T13:37:21,widgets
SKU-90198,2019-10-31T22:45:57,gizmos
SKU-88711,2019-12-20T04:37:43,widgets
SKU-23451,1970-01-01T00:00:00,gizmos
SKU-08980,2019-11-07T04:20:25,gizmos
SKU-09019,1970-01-01T00:00:00,widgets
SKU-65028,1970-01-01T00:00:00,gizmos
SKU-61240,2018-11-12T19:35:35,gizmos
SKU-22931,2020-05-04T22:51:20,widgets
SKU-32859,2020-02-26T16:47:53,gizmos
SKU-30532,1970-01-01T00:00:00,gizmos
SKU-67041,1970-01-01T00:00:00,widgets
SKU-80879,1970-01-01T00:00:00,widgets
SKU-71338,1970-01-01T00:00:00,widgets
SKU-67758,2019-10-01T10:04:02,gizmos
SKU-89915,1970-01-01T00:00:00,gizmos
SKU-45719,2020-01-02T16:27:05,gizmos
SKU-21121,1970-01-01T00:00:00,widgets
SKU-12027,2019-08-18T12:45:57,widgets
SKU-84078,1970-01-01T00:00:00,widgets
SKU-17040,1970-01-01T00:00:00,gizmos
SKU-87159,2019-11-24T04:41:08,gizmos
SKU-72092,2019-11-28T16:42:40,gizmos
SKU-88614,2019-12-25T18:37:26,gizmos
SKU-73741,2020-04-05T10:51:29,widgets
SKU-71750,1970-01-01T00:00:00,widgets
SKU-91335,2019-03-30T17:10:48,gizmos
SKU-53630,1970-01-01T00:00:00,gizmos
SKU-33548,2019-11-07T13:44:39,gizmos
SKU-01100,2019-08-04T12:42:36,widgets
SKU-96296,2019-12-23T09:37:51,gizmos
SKU-25621,2019-05-29T01:53:33,gizmos
SKU-80288,2020-05-07T13:59:20,gizmos
SKU-82775,1970-01-01T00:00:00,gizmos
SKU-17636,2020-06-10T02:03:48,widgets
SKU-04977,2019-01-19T06:42:34,gizmos
SKU-66821,2020-01-16T13:26:13,widgets
SKU-82383,2019-01-17T02:56:28,widgets
SKU-40788,1970-01-01T00:00:00,gizmos
SKU-13878,2020-01-31T12:00:59,gizmos
SKU-68800,1970-01-01T00:00:00,gizmos
SKU-66392,1970-01-01T00:00:00,widgets
SKU-15075,1970-01-01T00:00:00,gizmos
SKU-54279,2020-04-04T05:40:54,widgets
SKU-40182,2020-01-09T09:42:59,widgets
SKU-87168,1970-01-01T00:00:00,gizmos
SKU-77324,2018-11-18T14:09:41,widgets
SKU-11169,1970-01-01T00:00:00,widgets
SKU-32583,2020-01-27T21:59:45,widgets
SKU-86925,1970-01-01T00:00:00,widgets
SKU-13373,1970-01-01T00:00:00,widgets
SKU-47926,1970-01-01T00:00:00,gizmos
SKU-29745,2019-09-05T22:36:34,gizmos
SKU-77211,1970-01-01T00:00:00,gizmos
SKU-56749,1970-01-01T00:00:00,gizmos
SKU-04240,1970-01-01T00:00:00,widgets
SKU-25270,1970-01-01T00:00:00,widgets
SKU-34548,1970-01-01T00:00:00,gizmos
SKU-86777,2020-03-14T03:18:13,gizmos
SKU-10450,1970-01-01T00:00:00,widgets
SKU-73384,1970-01-01T00:00:00,gizmos
SKU-96699,1970-01-01T00:00:00,widgets
SKU-70315,1970-01-01T00:00:00,gizmos
SKU-11553,1970-01-01T00:00:00,gizmos
SKU-22276,1970-01-01T00:00:00,gizmos
SKU-31255,1970-01-01T00:00:00,gizmos
SKU-76225,1970-01-01T00:00:00,widgets
SKU-11963,1970-01-01T00:00:00,widgets
SKU-80455,1970-01-01T00:00:00,gizmos
SKU-84644,1970-01-01T00:00:00,widgets
SKU-54355,2018-10-27T01:36:05,widgets
SKU-68103,1970-01-01T00:00:00,gizmos
SKU-86398,2018-12-27T12:55:43,widgets
SKU-27037,1970-01-01T00:00:00,widgets
SKU-79784,1970-01-01T00:00:00,gizmos
SKU-31121,1970-01-01T00:00:00,gizmos
SKU-09795,2019-05-03T03:41:37,gizmos
SKU-48464,1970-01-01T00:00:00,widgets
SKU-35318,2019-11-21T19:03:34,widgets
SKU-60875,2019-03-17T23:40:30,gizmos
SKU-26087,1970-01-01T00:00:00,gizmos
SKU-85913,1970-01-01T00:00:00,gizmos
SKU-48806,1970-01-01T00:00:00,gizmos
SKU-87740,1970-01-01T00:00:00,widgets
SKU-40615,1970-01-01T00:00:00,gizmos
SKU-12915,2019-04-24T04:40:00,gizmos
SKU-48393,1970-01-01T00:00:00,gizmos
SKU-68892,2019-07-07T06:07:27,widgets
SKU-48479,1970-01-01T00:00:00,widgets
SKU-39556,1970-01-01T00:00:00,gizmos
SKU-55358,1970-01-01T00:00:00,gizmos
SKU-03016,1970-01-01T00:00:00,gizmos
SKU-37623,1970-01-01T00:00:00,gizmos
SKU-25161,2019-10-04T17:55:54,gizmos
SKU-37081,1970-01-01T00:00:00,widgets
SKU-65344,2019-02-07T09:17:22,gizmos
SKU-38477,1970-01-01T00:00:00,gizmos
SKU-93508,2019-09-28T20:23:44,gizmos
SKU-16496,1970-01-01T00:00:00,gizmos
SKU-96129,2020-05-02T22:28:31,gizmos
SKU-32910,1970-01-01T00:00:00,widgets
SKU-36142,2020-05-19T03:53:38,gizmos
SKU-55322,2019-06-22T02:46:32,gizmos
SKU-38993,2019-04-13T17:49:07,widgets
SKU-64711,2020-05-16T10:59:54,widgets
SKU-42771,1970-01-01T00:00:00,widgets
SKU-75068,1970-01-01T00:00:00,gizmos
SKU-95981,2019-09-08T06:50:58,widgets
SKU-07830,1970-01-01T00:00:00,widgets
SKU-80623,1970-01-01T00:00:00,widgets
SKU-87529,1970-01-01T00:00:00,gizmos
SKU-68476,2018-11-30T10:00:28,gizmos
SKU-16190,1970-01-01T00:00:00,widgets
SKU-12592,1970-01-01T00:00:00,widgets
SKU-30109,2019-09-09T12:39:47,widgets
SKU-26334,1970-01-01T00:00:00,widgets
SKU-46322,1970-01-01T00:00:00,widgets
SKU-71498,2018-11-14T00:57:55,widgets
SKU-95206,2019-10-12T14:46:46,gizmos
SKU-02982,1970-01-01T00:00:00,widgets
SKU-28637,1970-01-01T00:00:00,widgets
SKU-49636,2019-12-20T04:09:11,gizmos
SKU-38139,1970-01-01T00:00:00,gizmos
SKU-86210,2019-11-25T12:07:13,widgets
SKU-71000,2019-10-14T03:05:42,gizmos
SKU-37572,1970-01-01T00:00:00,gizmos
SKU-47562,2019-06-16T08:12:29,gizmos
SKU-54178,1970-01-01T00:00:00,gizmos
SKU-79039,2020-03-20T05:17:04,widgets
SKU-16928,2019-06-03T08:17:41,widgets
SKU-84852,2019-03-22T17:10:47,gizmos
SKU-97373,2019-06-22T08:55:00,widgets
SKU-48012,2019-02-01T09:01:31,widgets
SKU-40413,1970-01-01T00:00:00,widgets
SKU-28180,2019-04-07T02:18:40,widgets
SKU-18044,1970-01-01T00:00:00,widgets
SKU-24293,1970-01-01T00:00:00,widgets
SKU-75297,1970-01-01T00:00:00,gizmos
SKU-36759,1970-01-01T00:00:00,gizmos
SKU-66545,2020-05-17T16:29:30,gizmos
SKU-76726,1970-01-01T00:00:00,widgets
SKU-23331,2019-08-31T10:34:43,widgets
SKU-71464,2019-05-23T11:43:09,gizmos
SKU-11700,2020-01-13T19:19:26,widgets
SKU-88590,1970-01-01T00:00:00,widgets
SKU-49734,1970-01-01T00:00:00,gizmos
SKU-73332,1970-01-01T00:00:00,gizmos
SKU-17013,1970-01-01T00:00:00,widgets
SKU-30564,1970-01-01T00:00:00,gizmos
SKU-34600,2020-01-06T13:14:12,widgets
SKU-50015,1970-01-01T00:00:00,gizmos
SKU-20394,2019-05-13T06:46:32,gizmos
SKU-37758,2020-05-31T21:09:18,gizmos
SKU-82750,2019-10-21T18:54:04,gizmos
SKU-55799,2019-01-26T23:03:35,gizmos
SKU-07331,1970-01-01T00:00:00,gizmos
SKU-49789,1970-01-01T00:00:00,gizmos
SKU-92711,2020-06-22T05:02:00,gizmos
SKU-52330,2019-03-25T10:43:27,widgets
SKU-74363,1970-01-01T00:00:00,widgets
SKU-02635,1970-01-01T00:00:00,gizmos
SKU-34938,1970-01-01T00:00:00,widgets
SKU-71332,2019-12-09T16:27:56,widgets
SKU-59399,1970-01-01T00:00:00,widgets
SKU-49404,1970-01-01T00:00:00,widgets
SKU-50675,1970-01-01T00:00:00,widgets
SKU-99761,1970-01-01T00:00:00,widgets
SKU-45949,1970-01-01T00:00:00,gizmos
SKU-72139,1970-01-01T00:00:00,gizmos
SKU-01334,2018-10-30T10:21:20,gizmos
SKU-87934,2019-03-21T01:26:42,widgets
SKU-87253,1970-01-01T00:00:00,widgets
SKU-18031,2018-12-15T22:01:03,gizmos
SKU-75001,1970-01-01T00:00:00,gizmos
SKU-33994,2020-06-15T19:21:07,widgets
SKU-41237,1970-01-01T00:00:00,gizmos
SKU-35988,2020-01-04T03:31:23,gizmos
SKU-26888,1970-01-01T00:00:00,widgets
SKU-37358,2020-04-08T13:40:30,gizmos
SKU-35467,2020-02-09T17:21:00,widgets
SKU-06148,1970-01-01T00:00:00,widgets
SKU-02614,1970-01-01T00:00:00,widgets
SKU-98068,2018-12-26T23:49:42,widgets
SKU-44455,1970-01-01T00:00:00,gizmos
SKU-49340,2019-02-01T20:11:50,gizmos
SKU-62999,1970-01-01T00:00:00,gizmos
SKU-67443,1970-01-01T00:00:00,gizmos
SKU-43608,2020-05-23T00:24:02,gizmos
SKU-71898,2019-02-06T18:08:41,widgets
SKU-96976,1970-01-01T00:00:00,gizmos
SKU-07996,1970-01-01T00:00:00,gizmos
SKU-30002,1970-01-01T00:00:00,widgets
SKU-91186,1970-01-01T00:00:00,widgets
SKU-92853,2019-07-18T05:41:53,widgets
SKU-81981,1970-01-01T00:00:00,gizmos
SKU-63947,1970-01-01T00:00:00,widgets
SKU-14252,1970-01-01T00:00:00,gizmos
SKU-53384,2019-08-11T13:30:07,gizmos
SKU-67019,2020-06-25T13:55:45,widgets
SKU-84154,2019-05-20T09:58:11,gizmos
SKU-03373,1970-01-01T00:00:00,widgets
SKU-56477,2019-07-04T07:25:12,widgets
SKU-71397,2020-01-21T04:07:25,widgets
SKU-15332,1970-01-01T00:00:00,gizmos
SKU-72666,2019-01-13T23:31:01,gizmos
SKU-68323,2019-06-21T05:10:53,widgets
SKU-95071,1970-01-01T00:00:00,widgets
SKU-38549,2019-09-27T17:10:24,gizmos
SKU-82808,2020-07-05T22:19:56,widgets
SKU-52866,2020-05-10T04:40:49,widgets
SKU-33735,2020-01-07T09:03:48,widgets
SKU-80923,1970-01-01T00:00:00,gizmos
SKU-02664,1970-01-01T00:00:00,widgets
SKU-99019,2020-04-02T12:45:44,widgets
SKU-14751,1970-01-01T00:00:00,gizmos
SKU-31115,1970-01-01T00:00:00,widgets
SKU-52955,1970-01-01T00:00:00,gizmos
SKU-17589,2019-11-13T05:40:43,widgets
SKU-31400,2019-07-02T02:43:40,widgets
SKU-14832,2019-05-04T21:01:23,gizmos
SKU-44668,1970-01-01T00:00:00,widgets
SKU-02388,1970-01-01T00:00:00,widgets
SKU-81468,2019-11-30T09:08:02,gizmos
SKU-48289,1970-01-01T00:00:00,widgets
SKU-38651,2019-06-18T08:40:06,widgets
SKU-14679,2019-05-21T01:43:58,gizmos
SKU-69489,2018-12-11T17:38:13,widgets
SKU-70352,2019-11-01T23:46:06,widgets
SKU-99177,1970-01-01T00:00:00,widgets
SKU-22821,2018-11-08T00:38:18,gizmos
SKU-34552,1970-01-01T00:00:00,widgets
SKU-17697,1970-01-01T00:00:00,widgets
SKU-20852,2019-12-02T17:41:46,gizmos
SKU-76249,1970-01-01T00:00:00,widgets
SKU-96794,2019-07-26T15:35:59,gizmos
SKU-43054,1970-01-01T00:00:00,widgets
SKU-38209,2020-04-03T19:38:03,widgets
SKU-66016,1970-01-01T00:00:00,gizmos
SKU-75016,1970-01-01T00:00:00,gizmos
SKU-45173,2019-01-09T07:55:52,widgets
SKU-65945,2019-09-28T00:44:43,widgets
SKU-87582,1970-01-01T00:00:00,widgets
SKU-11914,1970-01-01T00:00:00,gizmos
SKU-90228,2018-11-12T13:57:13,gizmos
SKU-18199,1970-01-01T00:00:00,widgets
SKU-18441,2020-06-14T20:58:47,gizmos
SKU-27025,2020-01-17T23:45:16,gizmos
SKU-00660,2019-06-20T23:54:02,widgets
SKU-29803,1970-01-01T00:00:00,widgets
SKU-06739,1970-01-01T00:00:00,widgets
SKU-69616,2019-06-08T21:23:12,widgets
SKU-69527,1970-01-01T00:00:00,widgets
SKU-88474,2019-04-03T12:16:23,gizmos
SKU-78155,1970-01-01T00:00:00,widgets
SKU-76045,2019-03-30T05:03:41,widgets
SKU-33861,2019-09-25T00:21:05,gizmos
SKU-08459,2020-06-09T11:50:10,widgets
SKU-94044,1970-01-01T00:00:00,widgets
SKU-71209,1970-01-01T00:00:00,widgets
SKU-22458,1970-01-01T00:00:00,widgets
SKU-18505,2020-06-04T07:53:33,widgets
SKU-42911,1970-01-01T00:00:00,widgets
SKU-53202,2020-05-13T21:57:47,widgets
SKU-16620,1970-01-01T00:00:00,widgets
SKU-55652,2019-02-04T19:36:08,widgets
SKU-35271,2019-08-24T22:05:24,gizmos
SKU-85435,2019-08-02T06:00:27,widgets
SKU-50906,2018-12-22T23:13:13,gizmos
SKU-65728,1970-01-01T00:00:00,widgets
SKU-29615,1970-01-01T00:00:00,gizmos
SKU-61107,2019-09-14T23:34:27,widgets
SKU-40871,1970-01-01T00:00:00,widgets
SKU-48063,1970-01-01T00:00:00,widgets
SKU-51954,1970-01-01T00:00:00,gizmos
SKU-98342,2019-05-09T18:22:33,widgets
SKU-56859,1970-01-01T00:00:00,gizmos
SKU-28942,2019-12-10T14:15:33,widgets
SKU-15809,1970-01-01T00:00:00,widgets
SKU-10868,2020-03-29T11:55:05,gizmos
SKU-57203,2019-06-20T10:09:27,widgets
SKU-47264,2018-10-28T15:18:29,widgets
SKU-96687,2019-05-17T11:21:58,widgets
SKU-67855,2020-04-14T00:51:52,widgets
SKU-08711,1970-01-01T00:00:00,gizmos
SKU-23644,2018-11-27T12:29:39,widgets
SKU-71153,2020-06-12T01:21:01,gizmos
SKU-02663,1970-01-01T00:00:00,gizmos
SKU-49444,1970-01-01T00:00:00,gizmos
SKU-13804,2018-12-13T05:43:11,gizmos
SKU-81640,2018-11-18T01:53:34,widgets
SKU-23696,1970-01-01T00:00:00,gizmos
SKU-78893,1970-01-01T00:00:00,widgets
SKU-85000,1970-01-01T00:00:00,gizmos
SKU-57953,2019-09-02T13:03:33,gizmos
SKU-59828,2019-07-14T00:46:20,widgets
SKU-79590,1970-01-01T00:00:00,gizmos
SKU-43690,1970-01-01T00:00:00,widgets
SKU-43161,2019-02-23T00:24:48,gizmos
SKU-42002,1970-01-01T00:00:00,gizmos
SKU-90757,2019-07-02T15:08:24,widgets
SKU-42845,1970-01-01T00:00:00,widgets
SKU-37726,2019-10-08T18:40:08,widgets
SKU-99225,1970-01-01T00:00:00,gizmos
SKU-92946,1970-01-01T00:00:00,widgets
SKU-89350,1970-01-01T00:00:00,widgets
SKU-19160,2019-09-20T03:45:05,gizmos
SKU-75445,2019-06-09T00:53:31,widgets
SKU-12793,1970-01-01T00:00:00,widgets
SKU-63451,2019-07-26T18:28:47,widgets
SKU-42338,2020-03-28T17:29:50,widgets
SKU-58804,2019-08-18T07:33:56,widgets
SKU-41319,1970-01-01T00:00:00,widgets
SKU-29915,1970-01-01T00:00:00,widgets
SKU-58161,1970-01-01T00:00:00,widgets
SKU-34717,2019-06-28T16:39:55,widgets
SKU-94430,2019-02-03T10:14:48,widgets
SKU-18996,2019-05-19T20:56:05,widgets
SKU-86227,1970-01-01T00:00:00,widgets
SKU-72904,2019-02-14T08:46:31,gizmos
SKU-09797,2018-12-15T14:34:48,widgets
SKU-35222,2019-09-05T01:35:53,widgets
SKU-82140,1970-01-01T00:00:00,widgets
SKU-87248,1970-01-01T00:00:00,gizmos
SKU-77874,1970-01-01T00:00:00,gizmos
SKU-65550,1970-01-01T00:00:00,widgets
SKU-03556,1970-01-01T00:00:00,gizmos
SKU-08114,2020-07-05T10:44:54,widgets
SKU-28120,1970-01-01T00:00:00,gizmos
SKU-85975,2019-08-18T13:00:22,widgets
SKU-09712,2020-04-18T04:59:27,gizmos
SKU-36515,1970-01-01T00:00:00,widgets
SKU-78748,1970-01-01T00:00:00,widgets
SKU-62256,2018-10-29T02:45:12,widgets
SKU-22597,1970-01-01T00:00:00,widgets
SKU-82116,2019-03-04T17:53:10,widgets
SKU-18551,1970-01-01T00:00:00,widgets
SKU-00601,2019-08-14T20:51:24,gizmos
SKU-20080,1970-01-01T00:00:00,widgets
SKU-32455,1970-01-01T00:00:00,gizmos
SKU-08798,1970-01-01T00:00:00,gizmos
SKU-50696,1970-01-01T00:00:00,gizmos
SKU-68281,1970-01-01T00:00:00,widgets
SKU-17320,2020-06-07T21:49:46,widgets
SKU-53036,2020-06-14T08:27:49,gizmos
SKU-19380,2019-10-14T09:41:41,gizmos
SKU-36143,2019-11-25T14:57:13,gizmos
SKU-21414,2019-06-01T20:49:18,gizmos
SKU-71146,1970-01-01T00:00:00,widgets
SKU-93522,1970-01-01T00:00:00,gizmos
SKU-37631,1970-01-01T00:00:00,gizmos
SKU-54084,1970-01-01T00:00:00,gizmos
SKU-06679,2018-12-15T04:56:59,gizmos
SKU-21297,2020-03-11T06:07:44,gizmos
SKU-85852,2019-07-25T14:48:34,widgets
SKU-57372,1970-01-01T00:00:00,gizmos
SKU-09478,1970-01-01T00:00:00,gizmos
SKU-29842,1970-01-01T00:00:00,gizmos
SKU-99059,2020-01-13T18:43:03,gizmos
SKU-81827,1970-01-01T00:00:00,gizmos
SKU-80002,1970-01-01T00:00:00,gizmos
SKU-27643,1970-01-01T00:00:00,widgets
SKU-24818,2019-08-25T21:21:23,widgets
SKU-31336,2019-10-07T05:18:36,gizmos
SKU-23561,2018-10-16T10:12:15,gizmos
SKU-11098,2019-04-23T12:06:44,widgets
SKU-18448,1970-01-01T00:00:00,widgets
SKU-75860,2018-10-18T12:46:09,widgets
SKU-26103,1970-01-01T00:00:00,gizmos
SKU-50965,1970-01-01T00:00:00,gizmos
SKU-92898,2019-06-08T15:51:11,gizmos
SKU-53099,1970-01-01T00:00:00,gizmos
SKU-58581,1970-01-01T00:00:00,widgets
SKU-43056,1970-01-01T00:00:00,widgets
SKU-61189,1970-01-01T00:00:00,widgets
SKU-95496,2018-12-26T23:03:47,widgets
SKU-25995,2019-06-03T09:19:34,widgets
SKU-06136,1970-01-01T00:00:00,widgets
SKU-16354,2020-03-12T08:53:37,gizmos
SKU-61757,2019-10-21T13:35:18,gizmos
SKU-35933,1970-01-01T00:00:00,widgets
SKU-63485,2019-07-23T13:04:03,gizmos
SKU-08312,2020-05-08T20:39:32,gizmos
SKU-88241,1970-01-01T00:00:00,gizmos
SKU-99744,2018-10-16T11:03:00,gizmos
SKU-58474,1970-01-01T00:00:00,gizmos
SKU-33697,1970-01-01T00:00:00,widgets
SKU-21979,2019-12-24T06:59:25,gizmos
SKU-83354,1970-01-01T00:00:00,gizmos
SKU-14034,1970-01-01T00:00:00,widgets
SKU-71356,2019-10-06T23:04:38,widgets
SKU-32778,2019-01-11T02:29:30,widgets
SKU-74399,2020-06-03T04:01:25,widgets
SKU-58561,1970-01-01T00:00:00,gizmos
SKU-98737,1970-01-01T00:00:00,widgets
SKU-10981,2020-02-03T06:31:37,widgets
SKU-95358,1970-01-01T00:00:00,widgets
SKU-18765,1970-01-01T00:00:00,gizmos
SKU-61361,1970-01-01T00:00:00,gizmos
SKU-68688,1970-01-01T00:00:00,gizmos
SKU-69758,2020-02-23T21:43:32,widgets
SKU-72428,2020-06-08T12:16:21,widgets
SKU-46095,2020-02-08T06:07:21,gizmos
SKU-71695,1970-01-01T00:00:00,widgets
SKU-43723,2019-04-27T06:12:48,widgets
SKU-76883,2019-09-25T23:12:29,widgets
SKU-86082,1970-01-01T00:00:00,widgets
SKU-62258,1970-01-01T00:00:00,gizmos
SKU-14662,1970-01-01T00:00:00,gizmos
SKU-36217,1970-01-01T00:00:00,gizmos
SKU-67526,1970-01-01T00:00:00,widgets
SKU-67118,1970-01-01T00:00:00,gizmos
SKU-84269,1970-01-01T00:00:00,widgets
SKU-14371,1970-01-01T00:00:00,gizmos
SKU-77041,2020-01-04T17:29:15,gizmos
SKU-33902,1970-01-01T00:00:00,widgets
SKU-51702,1970-01-01T00:00:00,widgets
